project_id,budget,team_size,duration_months,complexity,client_experience,technology_stack,team_experience_years,requirements_clarity,stakeholder_involvement,risk_factors,created_at,project_success
PRJ0001,131958,12,22,medium,high,mixed,10,unclear,high,9,2026-02-18,1
PRJ0002,156867,5,7,high,medium,mixed,9,unclear,high,1,2025-06-10,0
PRJ0003,141932,16,22,high,low,mixed,6,unclear,high,3,2026-02-17,0
PRJ0004,113694,7,1,medium,low,modern,13,clear,high,3,2025-07-05,1
PRJ0005,129879,18,12,medium,high,modern,3,unclear,medium,3,2025-08-22,0
PRJ0006,120268,7,13,low,high,modern,1,unclear,high,5,2026-01-23,1
PRJ0007,64886,3,10,high,medium,legacy,4,moderate,high,1,2026-01-19,0
PRJ0008,147337,16,15,low,high,mixed,14,moderate,medium,5,2025-06-06,1
PRJ0009,178266,12,13,low,medium,modern,14,clear,high,6,2026-03-27,1
PRJ0010,97498,9,23,low,high,legacy,3,moderate,low,9,2025-06-25,0
PRJ0011,122727,14,22,high,high,modern,14,moderate,low,2,2025-08-03,1
PRJ0012,136324,13,22,low,high,modern,12,unclear,high,7,2026-02-06,1
PRJ0013,185203,6,21,low,low,mixed,1,unclear,medium,1,2025-10-06,0
PRJ0014,26023,7,22,low,low,legacy,3,moderate,low,7,2026-02-17,0
PRJ0015,51090,5,9,low,low,mixed,14,moderate,medium,4,2026-02-17,0
PRJ0016,77221,2,9,low,high,mixed,14,moderate,low,1,2026-04-07,0
PRJ0017,74820,18,15,low,medium,modern,4,clear,high,6,2025-09-02,1
PRJ0018,10769,13,10,high,medium,mixed,13,clear,medium,1,2026-02-28,0
PRJ0019,69735,16,10,low,medium,legacy,13,clear,medium,5,2025-08-12,1
PRJ0020,74925,2,8,medium,medium,mixed,14,moderate,medium,9,2025-10-12,0
PRJ0021,15311,15,16,low,low,mixed,8,moderate,low,2,2026-03-08,0
PRJ0022,113355,7,17,low,low,mixed,9,clear,low,8,2025-10-16,0
PRJ0023,194779,6,5,high,high,modern,3,clear,low,2,2025-09-22,0
PRJ0024,95305,12,4,high,high,legacy,6,moderate,high,2,2025-12-14,0
PRJ0025,169765,5,18,medium,medium,modern,10,unclear,low,4,2026-02-10,0
PRJ0026,140608,14,19,medium,low,modern,11,clear,high,6,2025-12-13,1
PRJ0027,166730,12,4,high,medium,modern,5,moderate,medium,7,2025-05-18,0
PRJ0028,94478,4,7,high,high,modern,6,moderate,medium,6,2026-04-02,0
PRJ0029,132537,2,10,low,high,modern,4,unclear,high,8,2025-12-04,0
PRJ0030,159503,7,18,high,medium,legacy,10,moderate,low,4,2025-11-28,0
PRJ0031,140523,19,19,medium,high,mixed,6,moderate,high,9,2025-12-15,1
PRJ0032,12747,11,4,low,medium,modern,7,clear,medium,2,2025-08-27,1
PRJ0033,133855,6,10,medium,low,modern,9,clear,medium,5,2025-07-06,1
PRJ0034,75725,11,1,low,medium,legacy,10,unclear,high,4,2026-01-13,1
PRJ0035,139981,13,23,high,low,legacy,7,unclear,low,3,2025-12-12,0
PRJ0036,94654,3,18,medium,low,mixed,6,moderate,low,1,2025-10-08,0
PRJ0037,176845,14,5,low,high,legacy,1,clear,high,6,2025-09-23,1
PRJ0038,129346,9,15,low,high,mixed,2,unclear,high,4,2026-03-23,0
PRJ0039,77435,3,17,high,high,modern,1,unclear,low,3,2025-08-14,0
PRJ0040,66886,2,3,high,medium,modern,9,unclear,medium,7,2025-09-03,0
PRJ0041,76803,6,12,high,medium,mixed,10,moderate,high,8,2026-05-02,0
PRJ0042,41551,10,2,medium,high,legacy,10,clear,low,8,2025-12-31,0
PRJ0043,126216,18,1,low,medium,mixed,9,unclear,low,2,2025-08-10,1
PRJ0044,21394,10,23,high,high,legacy,7,clear,medium,2,2026-02-10,0
PRJ0045,79092,12,21,medium,medium,modern,13,unclear,medium,4,2026-04-19,0
PRJ0046,13890,16,17,medium,low,legacy,2,unclear,medium,4,2025-06-05,0
PRJ0047,51606,7,22,medium,low,mixed,6,clear,medium,9,2026-03-07,0
PRJ0048,97313,4,16,high,high,mixed,11,clear,medium,1,2025-11-09,0
PRJ0049,151699,18,5,high,medium,modern,4,clear,high,0,2026-03-03,1
PRJ0050,18792,6,15,low,medium,legacy,1,moderate,low,7,2026-03-17,0
PRJ0051,184073,13,3,low,low,legacy,1,unclear,high,2,2025-07-02,1
PRJ0052,164969,19,7,high,low,legacy,12,moderate,high,0,2025-09-01,1
PRJ0053,78148,15,11,medium,high,modern,5,clear,high,0,2025-07-20,1
PRJ0054,134243,12,10,medium,low,legacy,12,unclear,high,1,2025-07-23,1
PRJ0055,130174,10,9,medium,high,mixed,2,moderate,high,5,2025-06-07,1
PRJ0056,164555,3,14,low,low,legacy,4,unclear,medium,5,2026-04-20,1
PRJ0057,134358,13,13,medium,low,modern,1,moderate,medium,2,2025-06-01,0
PRJ0058,58555,4,2,low,medium,legacy,4,clear,low,3,2025-08-23,0
PRJ0059,27159,4,3,low,low,legacy,11,moderate,high,1,2026-02-02,0
PRJ0060,120510,2,7,medium,low,mixed,6,unclear,low,1,2025-07-30,0
PRJ0061,116530,9,21,medium,high,legacy,10,unclear,medium,6,2025-10-11,0
PRJ0062,90077,9,18,high,low,mixed,4,unclear,medium,0,2026-01-31,0
PRJ0063,45920,12,3,high,high,mixed,1,unclear,medium,6,2025-09-22,0
PRJ0064,29457,10,10,medium,low,modern,7,clear,high,0,2025-07-08,0
PRJ0065,88953,6,22,low,low,mixed,14,moderate,high,5,2025-06-21,1
PRJ0066,62995,15,7,low,high,mixed,2,clear,medium,2,2025-10-18,1
PRJ0067,181829,4,9,low,medium,modern,9,clear,low,7,2025-08-07,1
PRJ0068,19692,6,17,low,high,mixed,13,clear,low,5,2025-09-13,1
PRJ0069,186830,6,11,low,high,modern,3,unclear,medium,1,2026-03-20,0
PRJ0070,47065,15,7,high,high,legacy,8,unclear,low,7,2026-03-02,0
PRJ0071,109299,5,14,medium,medium,modern,13,unclear,medium,4,2025-09-17,0
PRJ0072,173678,14,19,high,low,mixed,8,moderate,low,7,2025-08-29,1
PRJ0073,21534,11,4,low,high,modern,3,unclear,medium,7,2025-09-01,0
PRJ0074,50397,19,6,low,high,mixed,4,moderate,low,5,2026-02-19,0
PRJ0075,101387,9,10,low,medium,legacy,2,unclear,high,1,2025-11-29,0
PRJ0076,11016,9,7,low,high,modern,4,unclear,medium,7,2025-09-24,0
PRJ0077,65591,8,13,medium,low,legacy,11,clear,medium,5,2025-10-27,0
PRJ0078,33247,9,14,low,medium,mixed,11,clear,low,5,2026-03-14,1
PRJ0079,34300,15,4,medium,low,mixed,11,clear,medium,7,2026-02-06,0
PRJ0080,92798,7,8,low,low,legacy,14,moderate,medium,0,2025-06-26,0
PRJ0081,19268,2,5,medium,medium,modern,9,moderate,medium,1,2025-05-31,0
PRJ0082,96807,16,1,high,high,modern,2,unclear,high,8,2026-02-28,0
PRJ0083,22185,2,4,low,low,mixed,12,moderate,high,7,2025-12-06,0
PRJ0084,180171,18,3,medium,low,legacy,12,unclear,low,6,2026-04-15,1
PRJ0085,149643,2,9,high,low,legacy,13,moderate,high,6,2026-04-02,0
PRJ0086,48044,16,8,low,low,modern,3,moderate,low,4,2025-06-11,0
PRJ0087,61214,3,1,low,medium,modern,11,moderate,high,1,2025-07-28,0
PRJ0088,124752,15,6,low,medium,modern,11,clear,low,5,2026-03-20,1
PRJ0089,58984,9,9,medium,low,legacy,4,moderate,high,9,2026-02-21,0
PRJ0090,50774,9,7,medium,high,modern,5,clear,high,2,2025-05-16,0
PRJ0091,12568,8,4,high,low,modern,1,clear,low,3,2025-06-26,0
PRJ0092,130151,7,13,medium,high,mixed,7,moderate,medium,9,2025-05-27,1
PRJ0093,143767,7,17,medium,low,modern,14,unclear,medium,1,2025-12-23,1
PRJ0094,134375,4,2,low,high,modern,10,unclear,high,1,2026-03-11,1
PRJ0095,189262,8,5,low,low,legacy,7,unclear,low,7,2026-03-05,1
PRJ0096,146330,9,12,low,high,legacy,9,moderate,medium,7,2025-05-25,0
PRJ0097,49504,11,21,low,low,mixed,4,unclear,low,9,2026-04-27,0
PRJ0098,174231,16,8,low,low,modern,14,clear,medium,5,2025-08-06,1
PRJ0099,23986,16,6,low,high,mixed,14,unclear,low,4,2025-09-01,1
PRJ0100,71858,2,8,low,medium,legacy,6,moderate,high,7,2025-11-10,0
PRJ0101,139312,8,18,high,high,mixed,11,unclear,low,3,2026-01-09,0
PRJ0102,22666,5,3,high,medium,legacy,2,clear,medium,3,2025-06-22,0
PRJ0103,48660,7,22,high,low,mixed,12,moderate,high,4,2025-08-07,0
PRJ0104,144633,2,12,high,high,mixed,12,unclear,low,0,2025-10-24,0
PRJ0105,36854,6,3,low,high,modern,14,moderate,medium,0,2025-12-06,0
PRJ0106,74505,2,22,high,high,mixed,4,moderate,high,1,2025-12-25,0
PRJ0107,114488,5,6,low,medium,modern,2,moderate,low,7,2026-01-23,0
PRJ0108,193323,3,2,high,medium,modern,10,unclear,medium,6,2025-06-29,0
PRJ0109,32662,11,23,medium,low,modern,5,moderate,low,9,2025-08-08,0
PRJ0110,18392,6,12,high,medium,modern,7,unclear,low,8,2025-07-17,0
PRJ0111,40535,11,2,high,medium,mixed,13,clear,high,4,2025-10-07,0
PRJ0112,123569,2,6,low,low,legacy,1,unclear,high,1,2025-05-09,0
PRJ0113,62256,7,17,high,high,legacy,10,clear,medium,6,2025-06-01,0
PRJ0114,99135,14,3,medium,high,legacy,10,unclear,high,7,2026-02-27,1
PRJ0115,137478,16,2,low,low,mixed,7,moderate,medium,6,2026-04-25,1
PRJ0116,45222,5,23,low,high,modern,10,unclear,low,6,2026-03-17,0
PRJ0117,87373,14,20,high,medium,legacy,13,moderate,low,4,2026-01-14,0
PRJ0118,133684,16,8,low,low,mixed,6,clear,medium,1,2025-06-18,1
PRJ0119,20965,9,22,low,low,modern,6,unclear,low,5,2025-09-28,0
PRJ0120,34538,6,12,low,low,legacy,12,moderate,high,3,2026-03-09,1
PRJ0121,118066,16,4,low,high,modern,8,clear,low,9,2025-07-26,1
PRJ0122,123252,5,5,low,low,legacy,8,clear,high,1,2026-01-12,1
PRJ0123,149182,13,13,low,low,legacy,6,unclear,medium,8,2025-12-23,1
PRJ0124,168338,14,15,medium,low,legacy,3,clear,medium,6,2026-02-23,1
PRJ0125,194064,3,23,high,high,modern,5,moderate,low,5,2026-02-11,0
PRJ0126,108806,5,16,medium,medium,mixed,2,clear,low,4,2026-03-09,1
PRJ0127,147982,5,10,low,low,modern,14,clear,high,2,2025-05-21,1
PRJ0128,120989,12,23,low,medium,legacy,5,moderate,high,9,2025-08-07,1
PRJ0129,100982,6,16,high,high,modern,14,clear,low,9,2026-01-14,0
PRJ0130,131626,12,12,medium,high,mixed,9,clear,low,3,2025-05-13,0
PRJ0131,129176,11,17,high,high,modern,10,clear,medium,2,2026-02-18,1
PRJ0132,141278,9,16,medium,high,mixed,1,clear,medium,7,2025-11-28,0
PRJ0133,132409,7,12,low,medium,mixed,10,moderate,medium,2,2026-04-15,0
PRJ0134,33419,7,8,high,low,modern,5,clear,low,6,2025-12-25,0
PRJ0135,191708,9,20,high,high,legacy,12,moderate,low,6,2025-06-10,0
PRJ0136,60015,16,3,low,high,mixed,6,clear,low,6,2026-01-03,1
PRJ0137,132096,15,16,high,medium,modern,14,clear,medium,6,2026-03-25,1
PRJ0138,117059,12,13,medium,medium,mixed,11,clear,low,1,2025-11-19,1
PRJ0139,195340,13,23,medium,high,legacy,7,clear,high,9,2025-12-26,1
PRJ0140,120687,14,19,medium,low,modern,9,moderate,low,2,2026-04-12,0
PRJ0141,97939,9,8,medium,low,modern,6,moderate,low,9,2025-07-30,0
PRJ0142,159213,19,22,low,high,modern,5,moderate,low,8,2025-08-27,1
PRJ0143,115878,2,5,high,medium,legacy,12,unclear,low,2,2026-04-26,0
PRJ0144,197116,16,20,medium,high,mixed,7,clear,low,1,2026-04-22,1
PRJ0145,174899,9,8,low,high,modern,13,clear,high,8,2025-07-02,1
PRJ0146,196892,12,12,high,medium,mixed,1,moderate,high,9,2025-06-19,0
PRJ0147,72623,13,1,high,high,mixed,11,unclear,low,8,2026-03-14,0
PRJ0148,85450,13,21,low,high,legacy,14,clear,medium,3,2025-10-08,1
PRJ0149,103426,5,20,low,high,modern,5,moderate,low,8,2026-03-28,0
PRJ0150,127845,17,6,medium,medium,mixed,2,clear,low,2,2026-01-25,1
PRJ0151,163371,5,22,high,low,modern,4,clear,low,6,2025-10-24,0
PRJ0152,53585,6,18,high,low,modern,7,moderate,medium,6,2025-10-26,0
PRJ0153,119225,6,8,low,medium,legacy,5,moderate,medium,7,2026-03-15,0
PRJ0154,74044,9,7,high,low,modern,12,clear,medium,9,2025-12-15,1
PRJ0155,183629,11,1,medium,high,modern,6,clear,high,3,2025-11-18,0
PRJ0156,190152,18,21,high,low,mixed,2,moderate,medium,2,2025-06-28,1
PRJ0157,119556,10,16,low,high,legacy,3,clear,high,2,2026-01-16,0
PRJ0158,12693,15,12,low,low,modern,7,clear,high,4,2025-10-10,0
PRJ0159,105259,9,6,medium,medium,mixed,11,moderate,medium,0,2025-07-09,0
PRJ0160,35939,10,20,medium,low,legacy,2,clear,medium,9,2026-01-15,1
PRJ0161,189997,12,2,high,low,legacy,12,clear,medium,2,2025-10-21,1
PRJ0162,184013,2,14,high,low,mixed,6,unclear,high,5,2025-12-04,0
PRJ0163,162906,15,4,low,medium,mixed,5,moderate,low,2,2025-09-04,0
PRJ0164,28047,6,1,medium,low,mixed,10,unclear,medium,4,2025-12-28,0
PRJ0165,36105,15,23,medium,medium,mixed,1,unclear,medium,8,2026-01-20,0
PRJ0166,85766,5,18,medium,high,mixed,12,unclear,medium,1,2026-04-25,0
PRJ0167,156779,2,13,high,low,modern,11,clear,high,1,2025-05-14,0
PRJ0168,163048,9,2,medium,medium,modern,10,clear,high,5,2025-12-08,1
PRJ0169,54262,16,9,low,medium,legacy,11,unclear,low,5,2025-05-06,1
PRJ0170,135117,16,21,low,low,modern,4,unclear,medium,7,2025-12-16,1
PRJ0171,33776,10,2,high,high,modern,11,unclear,high,1,2025-10-27,0
PRJ0172,171152,10,9,high,medium,modern,2,clear,low,8,2026-01-31,1
PRJ0173,138376,11,1,medium,low,mixed,4,unclear,medium,1,2025-09-18,1
PRJ0174,147848,10,11,high,high,legacy,1,unclear,high,0,2026-03-03,0
PRJ0175,102787,4,3,low,medium,legacy,2,moderate,medium,9,2025-05-30,0
PRJ0176,137948,12,20,medium,medium,legacy,13,moderate,medium,1,2026-04-10,1
PRJ0177,65016,7,23,low,high,legacy,8,clear,high,6,2025-08-10,0
PRJ0178,150546,3,4,medium,high,modern,6,moderate,high,7,2025-07-28,0
PRJ0179,199125,8,18,high,low,modern,2,moderate,high,4,2026-04-24,1
PRJ0180,31959,19,23,medium,low,mixed,12,moderate,medium,5,2025-06-19,0
PRJ0181,146602,3,6,medium,medium,legacy,6,clear,medium,0,2025-10-16,0
PRJ0182,129101,18,3,low,high,modern,10,moderate,low,5,2025-12-30,0
PRJ0183,13748,12,22,low,high,modern,9,clear,medium,7,2025-07-03,0
PRJ0184,23545,13,11,medium,high,mixed,7,unclear,high,2,2025-10-27,0
PRJ0185,137659,8,15,high,medium,mixed,9,moderate,medium,0,2026-02-05,0
PRJ0186,175838,7,22,high,high,mixed,5,clear,low,3,2025-05-15,1
PRJ0187,83530,2,5,low,high,modern,7,moderate,low,0,2026-01-09,0
PRJ0188,103557,18,20,high,medium,modern,11,unclear,high,7,2025-05-18,1
PRJ0189,71087,12,10,low,low,mixed,14,clear,high,4,2025-11-09,1
PRJ0190,78840,19,12,high,low,legacy,7,clear,low,0,2026-04-21,0
PRJ0191,128451,18,15,medium,medium,mixed,12,clear,low,7,2025-08-21,1
PRJ0192,195456,8,17,low,high,mixed,12,unclear,low,8,2025-10-08,1
PRJ0193,61005,18,10,low,medium,mixed,3,unclear,high,9,2025-07-28,1
PRJ0194,187648,10,6,medium,low,mixed,7,unclear,low,1,2025-06-11,1
PRJ0195,49353,18,18,low,low,modern,1,clear,low,8,2025-06-14,1
PRJ0196,62733,9,13,high,medium,legacy,9,unclear,high,7,2026-01-20,0
PRJ0197,75318,18,3,high,medium,mixed,10,moderate,medium,6,2025-12-09,1
PRJ0198,164736,8,10,low,low,legacy,13,unclear,medium,2,2025-07-30,0
PRJ0199,77172,2,14,high,medium,legacy,6,clear,low,1,2026-04-26,0
PRJ0200,103264,14,6,low,low,legacy,5,moderate,medium,6,2026-01-07,1
PRJ0201,36736,18,3,medium,medium,mixed,7,unclear,medium,4,2026-01-31,0
PRJ0202,122859,14,16,low,medium,modern,5,moderate,medium,5,2025-12-12,0
PRJ0203,122181,17,7,medium,medium,mixed,10,moderate,medium,3,2025-07-20,0
PRJ0204,141926,9,20,high,low,legacy,5,clear,low,1,2026-04-21,0
PRJ0205,100084,19,14,medium,medium,legacy,11,moderate,medium,8,2025-08-21,1
PRJ0206,179695,2,9,high,low,modern,10,moderate,medium,2,2025-05-24,0
PRJ0207,17392,15,15,low,low,mixed,11,clear,high,6,2025-10-31,1
PRJ0208,65680,16,21,high,medium,legacy,7,clear,low,7,2025-05-25,0
PRJ0209,187789,19,3,low,medium,modern,10,clear,high,1,2025-10-10,1
PRJ0210,60859,3,2,low,low,legacy,7,moderate,high,5,2025-05-24,0
PRJ0211,135657,18,2,medium,low,modern,13,moderate,low,7,2025-11-14,0
PRJ0212,167381,19,3,medium,high,modern,11,moderate,medium,6,2025-08-08,1
PRJ0213,80467,7,18,medium,low,mixed,3,clear,high,2,2025-09-26,0
PRJ0214,193734,5,14,medium,high,legacy,3,unclear,low,0,2025-12-04,0
PRJ0215,108506,2,20,high,high,mixed,10,moderate,medium,5,2026-01-14,0
PRJ0216,119751,9,18,high,high,legacy,12,unclear,low,7,2025-11-03,0
PRJ0217,128906,8,10,high,medium,mixed,13,clear,high,5,2025-05-31,1
PRJ0218,153760,4,2,low,medium,legacy,3,moderate,medium,4,2026-02-22,1
PRJ0219,35342,11,22,high,low,mixed,6,unclear,medium,7,2025-07-26,0
PRJ0220,178229,11,1,high,high,modern,12,moderate,low,1,2026-02-20,1
PRJ0221,116308,15,4,high,medium,legacy,6,moderate,medium,0,2025-05-15,1
PRJ0222,193155,3,14,medium,medium,legacy,13,moderate,high,0,2025-10-02,0
PRJ0223,116081,2,1,high,medium,modern,13,unclear,high,3,2025-06-11,0
PRJ0224,99045,19,14,low,medium,mixed,3,clear,high,5,2026-04-12,1
PRJ0225,44698,8,16,medium,medium,legacy,3,moderate,low,8,2026-02-26,0
PRJ0226,120078,9,22,low,high,legacy,8,clear,medium,0,2025-05-08,1
PRJ0227,90623,2,14,high,high,mixed,8,clear,medium,0,2026-02-01,0
PRJ0228,32671,4,20,medium,high,modern,7,unclear,medium,4,2025-06-18,0
PRJ0229,166256,9,3,low,high,mixed,10,unclear,high,9,2025-06-15,1
PRJ0230,103384,16,3,high,low,mixed,4,clear,medium,4,2026-03-03,0
PRJ0231,183179,6,9,low,high,mixed,4,moderate,high,4,2025-09-23,1
PRJ0232,96202,4,6,low,medium,legacy,3,unclear,medium,9,2025-09-22,0
PRJ0233,61663,2,13,low,high,modern,5,moderate,high,5,2025-05-24,0
PRJ0234,25708,16,21,high,low,modern,3,moderate,medium,7,2025-06-02,0
PRJ0235,101906,9,2,high,medium,mixed,13,moderate,low,2,2026-01-22,0
PRJ0236,59811,3,8,low,high,legacy,8,clear,low,8,2025-10-02,1
PRJ0237,143883,4,21,medium,high,mixed,7,moderate,high,0,2025-10-25,0
PRJ0238,66250,15,2,medium,high,legacy,13,clear,high,3,2025-11-26,0
PRJ0239,122547,15,4,high,medium,legacy,3,clear,medium,8,2025-10-10,1
PRJ0240,134249,12,15,high,medium,legacy,9,moderate,medium,7,2025-08-09,0
PRJ0241,44754,17,4,high,low,legacy,12,moderate,low,9,2025-10-23,0
PRJ0242,152483,5,13,high,medium,modern,14,moderate,medium,8,2025-12-04,1
PRJ0243,143983,6,12,high,medium,legacy,13,moderate,high,0,2025-09-10,0
PRJ0244,149752,15,13,medium,high,legacy,5,clear,high,8,2026-02-06,1
PRJ0245,94896,17,14,high,medium,mixed,9,moderate,high,2,2026-04-24,1
PRJ0246,81295,19,20,low,high,mixed,7,moderate,high,9,2025-10-30,1
PRJ0247,110689,8,18,low,high,modern,7,clear,high,8,2025-10-03,1
PRJ0248,21111,11,6,medium,medium,mixed,6,unclear,low,0,2026-04-20,0
PRJ0249,47504,8,11,low,low,legacy,2,unclear,low,0,2025-08-12,0
PRJ0250,142874,2,2,medium,low,mixed,9,clear,high,8,2025-07-12,0
PRJ0251,18155,17,23,medium,medium,modern,6,unclear,medium,5,2026-02-21,0
PRJ0252,49384,5,19,low,low,mixed,8,clear,high,3,2026-03-14,1
PRJ0253,122561,19,19,high,high,mixed,1,moderate,low,6,2025-12-28,0
PRJ0254,57254,3,5,low,high,modern,5,moderate,high,4,2026-04-07,0
PRJ0255,31918,2,19,low,medium,modern,12,unclear,low,9,2026-03-01,1
PRJ0256,95981,16,2,medium,low,legacy,1,moderate,low,6,2026-04-18,0
PRJ0257,40306,6,10,low,low,mixed,10,unclear,high,7,2025-05-19,0
PRJ0258,157718,12,2,medium,high,legacy,11,unclear,high,7,2025-12-18,1
PRJ0259,56843,11,11,high,medium,mixed,14,moderate,medium,0,2025-06-20,0
PRJ0260,130975,3,18,high,low,mixed,8,moderate,low,7,2025-09-18,0
PRJ0261,106601,4,15,high,medium,legacy,8,unclear,medium,5,2025-08-24,1
PRJ0262,117512,13,9,low,low,mixed,1,moderate,high,3,2025-10-07,0
PRJ0263,157443,6,23,medium,high,mixed,9,clear,low,7,2025-07-15,1
PRJ0264,121472,6,19,high,high,mixed,2,moderate,medium,2,2025-09-16,0
PRJ0265,143121,7,9,medium,medium,modern,12,moderate,medium,3,2025-09-06,0
PRJ0266,172688,10,3,medium,high,legacy,9,clear,medium,5,2026-02-24,1
PRJ0267,113727,3,21,high,low,modern,1,moderate,high,6,2026-01-21,0
PRJ0268,122893,13,9,high,high,legacy,12,moderate,high,3,2025-10-13,1
PRJ0269,30932,4,14,medium,medium,legacy,10,unclear,high,3,2026-03-13,0
PRJ0270,127796,13,19,high,medium,mixed,14,moderate,low,6,2025-06-09,1
PRJ0271,39855,18,7,medium,medium,legacy,14,moderate,high,5,2026-03-12,0
PRJ0272,184088,11,16,medium,low,modern,9,clear,low,7,2025-08-02,1
PRJ0273,17400,15,16,high,low,modern,4,unclear,medium,0,2025-06-04,0
PRJ0274,127858,18,1,low,low,modern,9,unclear,medium,9,2026-04-04,1
PRJ0275,183714,19,4,high,low,legacy,7,unclear,high,6,2025-12-21,1
PRJ0276,25151,18,4,low,low,modern,11,moderate,medium,6,2026-03-08,0
PRJ0277,192479,15,7,medium,high,legacy,6,unclear,high,6,2026-01-20,1
PRJ0278,76690,10,8,medium,low,modern,5,clear,low,6,2025-08-12,0
PRJ0279,14499,9,17,low,low,modern,11,unclear,medium,9,2026-04-25,1
PRJ0280,16295,3,5,medium,high,legacy,9,clear,high,9,2025-08-25,0
PRJ0281,130885,14,7,low,low,modern,2,unclear,medium,7,2025-07-14,1
PRJ0282,136071,8,20,low,medium,mixed,14,unclear,medium,8,2025-11-30,1
PRJ0283,69040,10,20,medium,low,legacy,13,clear,high,8,2025-11-28,0
PRJ0284,22183,12,4,low,low,legacy,11,unclear,medium,1,2026-03-29,0
PRJ0285,170371,15,6,high,medium,legacy,14,unclear,medium,6,2026-01-06,1
PRJ0286,153946,5,7,high,medium,mixed,12,unclear,medium,6,2026-02-27,0
PRJ0287,126336,14,18,medium,medium,legacy,2,moderate,medium,3,2025-09-05,0
PRJ0288,42711,3,5,medium,medium,modern,11,clear,low,8,2025-07-10,0
PRJ0289,15539,6,20,low,low,modern,12,unclear,medium,7,2025-10-04,0
PRJ0290,194423,12,3,low,medium,modern,9,clear,medium,0,2025-07-01,1
PRJ0291,189426,7,7,low,medium,legacy,12,clear,high,1,2026-01-24,1
PRJ0292,136063,19,22,low,high,modern,3,clear,low,1,2026-03-10,1
PRJ0293,143629,11,14,high,medium,legacy,8,unclear,high,7,2025-06-07,0
PRJ0294,48360,5,7,high,medium,modern,11,unclear,high,0,2025-06-15,0
PRJ0295,143272,10,5,medium,high,mixed,9,clear,high,3,2025-09-08,1
PRJ0296,188047,7,22,low,high,mixed,8,moderate,low,9,2025-09-16,1
PRJ0297,31357,3,5,low,low,mixed,4,clear,high,4,2025-05-08,1
PRJ0298,129121,18,23,medium,high,mixed,12,moderate,high,8,2026-02-02,0
PRJ0299,87505,6,2,low,low,legacy,1,clear,high,6,2025-07-30,1
PRJ0300,12869,7,21,low,high,modern,4,clear,medium,7,2026-01-16,0
PRJ0301,60108,13,22,low,high,mixed,14,clear,high,8,2025-06-22,1
PRJ0302,122296,11,6,low,low,legacy,9,unclear,low,6,2025-11-18,0
PRJ0303,104179,7,15,low,high,mixed,2,moderate,low,4,2025-07-09,0
PRJ0304,100272,9,21,medium,low,mixed,3,moderate,medium,4,2025-09-29,0
PRJ0305,48467,3,10,low,high,legacy,10,clear,low,9,2025-09-25,1
PRJ0306,33328,13,23,medium,medium,legacy,8,unclear,low,5,2025-11-25,0
PRJ0307,101412,14,7,low,high,modern,6,unclear,medium,4,2026-04-19,0
PRJ0308,145059,8,5,high,low,modern,8,moderate,high,8,2025-07-31,1
PRJ0309,68871,11,1,high,high,mixed,7,unclear,medium,2,2026-03-09,0
PRJ0310,163471,14,13,high,low,mixed,14,moderate,high,2,2026-03-04,1
PRJ0311,138391,18,21,high,low,modern,13,moderate,high,6,2025-05-07,1
PRJ0312,187286,15,18,medium,medium,modern,13,moderate,low,6,2025-06-12,1
PRJ0313,96416,3,13,medium,medium,legacy,5,unclear,medium,5,2025-09-05,0
PRJ0314,80271,12,21,low,low,modern,9,moderate,low,2,2026-02-04,0
PRJ0315,54064,2,21,high,high,modern,4,moderate,low,6,2026-02-22,0
PRJ0316,117450,5,18,medium,low,mixed,6,clear,high,4,2025-06-13,0
PRJ0317,181890,12,5,low,low,modern,2,moderate,low,6,2026-04-05,1
PRJ0318,186597,9,13,low,high,mixed,2,moderate,medium,1,2025-05-11,0
PRJ0319,29830,12,4,medium,high,modern,2,clear,low,5,2025-07-21,0
PRJ0320,158501,5,17,high,high,legacy,10,clear,low,7,2026-02-08,1
PRJ0321,147965,18,3,low,high,modern,7,unclear,high,0,2025-09-13,1
PRJ0322,126381,8,17,high,low,modern,13,moderate,medium,3,2025-09-12,1
PRJ0323,57333,9,11,high,low,modern,2,unclear,low,0,2025-06-26,0
PRJ0324,144508,4,21,high,medium,mixed,12,unclear,high,0,2025-08-13,0
PRJ0325,86213,3,20,low,low,legacy,13,clear,low,9,2025-07-22,1
PRJ0326,146967,16,23,high,high,modern,2,unclear,medium,7,2025-06-12,0
PRJ0327,160810,6,21,low,medium,mixed,9,moderate,low,6,2025-08-09,1
PRJ0328,40746,2,4,high,high,legacy,7,clear,low,9,2025-10-31,0
PRJ0329,59377,5,2,low,low,mixed,11,moderate,high,0,2025-12-25,0
PRJ0330,189476,16,20,high,medium,mixed,3,moderate,low,1,2025-07-18,1
PRJ0331,64045,4,16,medium,high,legacy,3,clear,high,3,2025-08-01,0
PRJ0332,107888,12,18,high,medium,modern,7,moderate,medium,0,2025-06-19,0
PRJ0333,180862,18,8,high,medium,mixed,5,clear,low,2,2025-05-19,1
PRJ0334,117455,14,3,low,low,mixed,10,moderate,medium,7,2025-11-06,1
PRJ0335,146672,12,9,low,high,modern,14,clear,medium,7,2025-07-19,1
PRJ0336,103179,3,20,high,medium,modern,14,unclear,low,7,2025-11-23,0
PRJ0337,181836,10,6,medium,medium,legacy,6,moderate,high,5,2025-08-07,0
PRJ0338,55714,3,10,medium,high,legacy,13,clear,medium,5,2026-01-29,0
PRJ0339,197907,10,21,low,medium,legacy,12,moderate,medium,4,2025-08-16,1
PRJ0340,112946,10,10,medium,medium,modern,8,moderate,low,8,2025-05-17,0
PRJ0341,119616,9,13,high,medium,mixed,9,moderate,low,3,2025-07-21,0
PRJ0342,115983,18,17,low,high,mixed,1,clear,low,9,2026-02-11,1
PRJ0343,197563,2,9,high,high,legacy,3,unclear,low,6,2025-09-22,0
PRJ0344,134123,12,17,low,high,modern,11,unclear,low,0,2025-09-24,0
PRJ0345,159661,9,9,low,high,mixed,7,unclear,low,8,2026-01-07,0
PRJ0346,53484,11,9,low,low,legacy,6,clear,high,6,2025-10-25,1
PRJ0347,92989,8,1,low,medium,mixed,7,unclear,medium,9,2026-02-15,1
PRJ0348,46212,4,2,medium,high,mixed,8,clear,high,8,2026-02-16,0
PRJ0349,53525,4,16,high,medium,modern,6,moderate,high,6,2025-12-09,0
PRJ0350,188274,19,1,high,medium,modern,3,moderate,low,1,2026-01-18,1
PRJ0351,173707,6,10,high,low,mixed,2,unclear,medium,5,2025-08-07,0
PRJ0352,73208,13,18,low,high,legacy,12,clear,high,9,2025-09-03,1
PRJ0353,43828,13,8,medium,high,modern,7,moderate,low,3,2026-02-21,0
PRJ0354,159783,7,21,high,medium,mixed,12,clear,low,2,2025-05-13,1
PRJ0355,13420,3,11,medium,high,modern,12,clear,medium,1,2025-05-16,0
PRJ0356,106752,13,23,low,medium,modern,12,moderate,high,5,2026-04-09,1
PRJ0357,141373,6,2,high,medium,modern,11,clear,high,7,2025-10-07,1
PRJ0358,186308,13,8,medium,low,mixed,1,moderate,high,5,2026-02-02,0
PRJ0359,125294,18,22,low,low,legacy,3,moderate,low,8,2025-12-31,1
PRJ0360,195312,18,8,medium,low,legacy,12,moderate,medium,4,2026-02-21,1
PRJ0361,134019,11,17,high,medium,legacy,11,clear,medium,1,2026-01-02,1
PRJ0362,75726,18,15,high,high,modern,4,moderate,high,7,2025-06-30,0
PRJ0363,151564,16,17,low,low,mixed,13,clear,low,8,2025-11-02,1
PRJ0364,125668,13,23,low,high,modern,14,moderate,high,9,2025-10-30,1
PRJ0365,16102,17,13,low,low,legacy,1,moderate,medium,3,2025-10-19,0
PRJ0366,191408,9,19,medium,low,legacy,5,unclear,low,5,2026-02-16,0
PRJ0367,128015,18,5,medium,medium,mixed,10,unclear,high,9,2025-05-22,0
PRJ0368,36641,6,12,medium,low,modern,3,unclear,high,7,2025-10-31,0
PRJ0369,175656,17,1,low,low,legacy,2,clear,low,8,2025-05-26,1
PRJ0370,173817,7,23,high,medium,mixed,3,clear,medium,4,2025-08-25,1
PRJ0371,164165,9,5,high,high,modern,8,moderate,low,5,2026-04-22,0
PRJ0372,113746,19,8,medium,low,modern,6,moderate,high,3,2025-07-10,0
PRJ0373,192957,13,13,medium,medium,legacy,13,moderate,high,4,2026-02-18,1
PRJ0374,46631,16,8,high,low,legacy,14,moderate,high,6,2026-03-15,0
PRJ0375,82991,10,23,high,medium,modern,7,clear,high,8,2025-08-03,0
PRJ0376,14014,14,11,medium,high,modern,12,moderate,medium,9,2025-12-07,0
PRJ0377,21093,16,1,medium,high,legacy,6,moderate,medium,5,2025-09-28,0
PRJ0378,28070,11,13,high,medium,modern,6,unclear,high,5,2026-01-03,0
PRJ0379,45777,17,19,low,medium,legacy,12,moderate,medium,7,2025-10-06,1
PRJ0380,66958,8,3,medium,medium,modern,3,moderate,medium,3,2025-07-29,0
PRJ0381,92074,18,17,high,high,legacy,12,moderate,medium,2,2026-04-09,0
PRJ0382,20729,8,5,high,low,mixed,13,clear,high,6,2025-11-13,0
PRJ0383,186089,15,20,high,high,legacy,14,unclear,low,4,2025-11-30,0
PRJ0384,168823,16,21,high,medium,legacy,8,moderate,low,1,2025-09-09,1
PRJ0385,115864,8,8,low,medium,mixed,12,moderate,low,1,2026-02-12,0
PRJ0386,140858,10,14,high,high,modern,7,unclear,high,5,2025-05-14,0
PRJ0387,115510,17,4,medium,medium,mixed,7,moderate,medium,7,2025-08-05,0
PRJ0388,64748,9,11,low,high,legacy,6,clear,medium,0,2026-02-26,1
PRJ0389,15801,19,20,high,medium,modern,5,moderate,high,5,2026-03-22,0
PRJ0390,160262,19,15,low,low,mixed,10,clear,high,1,2026-03-05,1
PRJ0391,190761,8,19,medium,low,modern,8,clear,low,1,2026-01-02,1
PRJ0392,192065,4,7,high,medium,modern,5,moderate,low,6,2025-05-21,0
PRJ0393,39592,19,19,medium,high,mixed,9,unclear,high,9,2025-10-21,1
PRJ0394,20647,11,19,high,low,modern,9,clear,low,0,2025-06-09,0
PRJ0395,149788,8,11,high,high,mixed,1,unclear,medium,5,2025-06-16,0
PRJ0396,120627,18,5,high,medium,legacy,6,moderate,high,6,2026-01-14,0
PRJ0397,80316,15,5,high,high,modern,7,clear,high,7,2025-08-20,1
PRJ0398,12368,4,22,high,low,legacy,3,moderate,medium,6,2026-02-05,0
PRJ0399,87575,13,8,low,high,legacy,7,unclear,medium,5,2025-10-19,0
PRJ0400,16655,14,10,high,high,modern,11,moderate,medium,8,2025-07-27,0
PRJ0401,80031,3,6,high,medium,mixed,11,moderate,low,2,2025-10-17,0
PRJ0402,97922,4,15,low,medium,modern,7,clear,high,5,2026-01-26,1
PRJ0403,196838,6,16,low,medium,legacy,14,moderate,low,3,2026-04-08,1
PRJ0404,134046,12,17,low,low,legacy,13,moderate,medium,1,2026-02-05,1
PRJ0405,154475,9,8,low,low,mixed,11,moderate,low,0,2025-12-10,1
PRJ0406,42097,13,8,low,medium,modern,2,clear,medium,0,2025-11-04,1
PRJ0407,152038,8,9,low,medium,legacy,7,unclear,low,9,2025-08-21,1
PRJ0408,134862,16,2,high,low,legacy,1,unclear,low,2,2025-10-28,0
PRJ0409,128834,18,15,high,low,legacy,5,moderate,medium,3,2025-09-07,0
PRJ0410,103848,5,18,medium,low,mixed,9,clear,low,1,2025-05-11,0
PRJ0411,62921,14,3,high,low,legacy,7,moderate,high,0,2025-10-21,0
PRJ0412,190798,19,17,high,medium,legacy,7,unclear,low,3,2025-07-12,0
PRJ0413,136141,2,4,low,low,modern,11,clear,low,6,2025-11-21,1
PRJ0414,191372,17,4,low,medium,modern,13,unclear,high,9,2025-07-02,1
PRJ0415,32677,14,14,high,high,legacy,12,unclear,medium,5,2025-08-07,0
PRJ0416,65609,11,9,medium,high,legacy,2,clear,high,5,2026-04-27,0
PRJ0417,197733,13,9,low,low,modern,8,clear,low,8,2026-03-28,1
PRJ0418,41024,3,23,high,high,mixed,3,moderate,medium,1,2026-01-11,0
PRJ0419,80313,4,18,high,high,mixed,8,moderate,low,3,2025-05-31,0
PRJ0420,137813,11,10,medium,high,mixed,3,unclear,low,4,2026-03-10,1
PRJ0421,194078,3,21,medium,low,mixed,10,clear,high,0,2025-05-11,1
PRJ0422,105285,14,4,low,low,mixed,7,clear,high,7,2025-12-18,1
PRJ0423,156410,14,12,medium,high,mixed,2,moderate,medium,7,2026-01-23,0
PRJ0424,123632,19,8,high,medium,mixed,4,unclear,medium,5,2025-06-05,1
PRJ0425,160580,4,2,high,high,mixed,11,unclear,medium,4,2025-11-09,1
PRJ0426,13051,8,22,medium,low,modern,6,moderate,low,7,2025-11-17,0
PRJ0427,189819,15,13,medium,low,mixed,11,clear,high,2,2025-05-31,1
PRJ0428,124692,18,21,medium,low,mixed,9,moderate,high,2,2025-07-23,0
PRJ0429,97235,13,16,medium,high,mixed,5,moderate,high,1,2025-08-17,0
PRJ0430,195093,17,2,low,medium,legacy,13,moderate,medium,4,2025-09-24,1
PRJ0431,199407,13,11,medium,low,modern,9,moderate,high,2,2025-10-18,1
PRJ0432,197251,16,10,low,low,modern,5,clear,high,2,2025-10-06,1
PRJ0433,173165,11,15,high,high,modern,10,moderate,high,5,2025-07-22,1
PRJ0434,180806,8,17,medium,medium,mixed,8,clear,medium,7,2025-11-06,1
PRJ0435,83523,6,8,low,high,mixed,13,moderate,high,1,2025-08-28,0
PRJ0436,104476,2,18,medium,low,legacy,13,unclear,medium,3,2025-09-16,0
PRJ0437,27019,18,23,high,medium,modern,1,clear,high,6,2026-04-12,0
PRJ0438,93613,4,9,high,medium,mixed,7,unclear,high,0,2026-03-18,0
PRJ0439,96672,14,8,high,low,modern,4,moderate,high,0,2026-01-16,0
PRJ0440,83847,15,14,medium,medium,legacy,5,moderate,medium,9,2025-07-13,0
PRJ0441,92750,19,18,medium,medium,legacy,6,moderate,medium,6,2026-04-29,0
PRJ0442,38251,5,22,low,high,legacy,5,clear,high,6,2026-03-28,0
PRJ0443,113481,19,20,high,low,modern,12,unclear,low,0,2025-11-17,1
PRJ0444,122566,6,20,medium,low,mixed,1,clear,medium,0,2025-05-14,0
PRJ0445,35945,17,21,high,low,mixed,12,clear,medium,3,2025-07-26,1
PRJ0446,100852,2,12,high,low,legacy,9,moderate,high,4,2025-10-14,0
PRJ0447,42217,15,19,low,low,mixed,2,unclear,low,4,2025-06-14,0
PRJ0448,18308,16,14,low,medium,legacy,9,moderate,high,3,2025-06-26,0
PRJ0449,15949,10,17,low,high,modern,10,clear,medium,7,2025-08-05,1
PRJ0450,193062,16,21,low,low,legacy,2,moderate,medium,6,2025-09-03,1
PRJ0451,142222,18,3,high,high,modern,9,unclear,high,8,2025-06-12,0
PRJ0452,110235,5,23,low,high,legacy,6,moderate,high,6,2026-03-19,0
PRJ0453,84740,13,7,low,medium,mixed,11,unclear,low,9,2025-08-29,0
PRJ0454,126352,6,17,low,low,mixed,9,unclear,low,0,2026-02-15,1
PRJ0455,76617,6,12,low,medium,legacy,13,moderate,medium,6,2026-01-15,1
PRJ0456,26896,12,9,high,low,mixed,6,clear,low,0,2026-04-22,0
PRJ0457,140798,7,15,low,medium,mixed,6,moderate,low,6,2026-02-04,0
PRJ0458,187247,8,18,high,high,mixed,13,clear,medium,9,2025-05-28,1
PRJ0459,148877,15,21,medium,low,modern,11,clear,medium,7,2025-05-22,1
PRJ0460,15237,12,13,high,high,mixed,14,moderate,medium,8,2025-07-29,0
PRJ0461,30056,14,21,high,high,modern,2,clear,medium,2,2025-09-26,0
PRJ0462,186615,3,8,low,medium,legacy,8,clear,high,3,2026-02-21,1
PRJ0463,197628,8,14,medium,low,mixed,3,moderate,medium,3,2025-09-13,0
PRJ0464,124548,5,8,medium,high,mixed,7,moderate,medium,8,2025-08-18,0
PRJ0465,121488,9,14,medium,medium,mixed,5,moderate,medium,6,2026-01-12,0
PRJ0466,144415,14,7,medium,low,legacy,3,clear,low,2,2026-03-20,0
PRJ0467,154572,15,23,high,low,modern,1,unclear,medium,9,2025-08-04,0
PRJ0468,194294,11,12,medium,high,modern,8,clear,high,4,2026-03-23,1
PRJ0469,39375,12,11,high,low,mixed,3,unclear,high,6,2025-10-09,0
PRJ0470,150734,3,22,high,high,legacy,2,moderate,medium,7,2025-05-21,0
PRJ0471,26964,10,22,high,low,legacy,1,unclear,high,0,2026-01-22,0
PRJ0472,123429,18,11,medium,medium,legacy,4,moderate,low,1,2026-01-01,0
PRJ0473,77215,4,22,low,high,legacy,13,moderate,medium,6,2026-04-25,1
PRJ0474,79042,7,13,low,high,legacy,8,unclear,high,1,2025-06-10,0
PRJ0475,154356,6,18,medium,low,modern,13,moderate,high,6,2025-10-30,1
PRJ0476,103468,6,2,low,low,modern,3,unclear,medium,8,2026-04-04,1
PRJ0477,19435,16,21,low,high,modern,14,moderate,high,1,2025-11-30,1
PRJ0478,195412,18,15,high,low,mixed,1,clear,medium,6,2026-03-06,1
PRJ0479,185150,10,20,high,medium,legacy,4,clear,high,3,2025-08-29,0
PRJ0480,88832,4,18,medium,low,mixed,9,moderate,low,1,2025-08-08,0
PRJ0481,61293,18,15,medium,medium,legacy,13,moderate,high,6,2025-09-30,0
PRJ0482,88781,11,19,low,medium,modern,1,unclear,high,4,2026-05-03,0
PRJ0483,170196,4,23,high,medium,mixed,12,clear,medium,0,2026-04-11,1
PRJ0484,53919,19,12,medium,medium,modern,14,unclear,high,4,2025-10-11,0
PRJ0485,176319,19,13,medium,medium,legacy,11,moderate,medium,2,2025-06-19,0
PRJ0486,131172,18,22,medium,low,legacy,2,moderate,low,6,2025-10-18,1
PRJ0487,104758,4,11,medium,medium,legacy,9,unclear,medium,5,2025-05-14,0
PRJ0488,66573,4,5,medium,low,modern,2,moderate,medium,7,2026-01-11,0
PRJ0489,69101,7,1,medium,medium,legacy,13,clear,high,4,2025-07-29,1
PRJ0490,36646,14,3,low,high,modern,3,unclear,low,1,2025-12-01,0
PRJ0491,114185,16,22,high,medium,mixed,7,clear,medium,8,2025-11-21,1
PRJ0492,33049,10,19,high,high,legacy,3,clear,high,7,2025-09-25,0
PRJ0493,108116,5,23,medium,medium,legacy,9,clear,high,5,2026-02-03,1
PRJ0494,107379,15,7,high,medium,legacy,6,unclear,medium,9,2025-11-19,0
PRJ0495,78385,6,12,high,medium,mixed,3,moderate,high,6,2025-10-10,0
PRJ0496,136131,3,15,high,high,legacy,9,clear,medium,8,2025-07-27,1
PRJ0497,181230,12,5,medium,high,modern,1,clear,medium,6,2026-03-01,1
PRJ0498,33289,10,15,medium,medium,modern,10,clear,medium,2,2026-05-01,1
PRJ0499,120226,4,8,high,low,legacy,3,moderate,low,5,2025-11-29,0
PRJ0500,110793,10,10,high,medium,legacy,1,moderate,medium,6,2025-08-29,0
PRJ0501,19823,4,16,medium,high,mixed,2,unclear,high,1,2025-08-21,0
PRJ0502,51975,3,8,low,medium,mixed,12,moderate,low,2,2025-09-12,0
PRJ0503,19540,13,1,high,high,mixed,8,unclear,high,3,2025-07-03,0
PRJ0504,26364,11,12,low,high,legacy,7,unclear,low,9,2026-02-20,0
PRJ0505,145683,10,5,high,high,mixed,2,unclear,low,5,2025-10-30,0
PRJ0506,37663,16,3,low,medium,mixed,2,unclear,low,0,2026-03-04,1
PRJ0507,61991,9,1,low,high,modern,9,unclear,low,8,2025-06-02,1
PRJ0508,198751,6,4,low,high,mixed,13,clear,high,4,2025-11-22,1
PRJ0509,114182,12,8,medium,medium,modern,13,moderate,medium,6,2026-03-10,0
PRJ0510,172049,3,3,low,high,modern,6,clear,high,8,2026-01-14,1
PRJ0511,104704,16,10,low,medium,mixed,5,unclear,medium,8,2025-09-29,1
PRJ0512,59115,7,2,low,high,modern,10,moderate,high,0,2025-09-07,0
PRJ0513,101007,9,11,high,low,legacy,6,clear,low,0,2026-04-14,1
PRJ0514,159143,6,10,low,low,legacy,9,clear,low,2,2025-12-15,1
PRJ0515,21938,17,21,high,high,mixed,11,unclear,medium,5,2025-08-13,0
PRJ0516,176267,19,14,low,low,legacy,7,clear,medium,1,2025-12-17,1
PRJ0517,101680,7,7,low,medium,modern,10,clear,high,9,2026-02-24,1
PRJ0518,14000,6,2,medium,low,legacy,10,clear,medium,0,2026-01-07,0
PRJ0519,111042,17,9,high,high,mixed,14,clear,high,0,2025-10-19,1
PRJ0520,103610,14,16,low,high,mixed,9,clear,medium,4,2025-10-12,1
PRJ0521,113691,6,13,high,medium,modern,4,unclear,medium,3,2025-10-03,0
PRJ0522,48304,14,9,high,high,mixed,2,unclear,medium,0,2026-03-10,0
PRJ0523,79449,18,20,medium,medium,legacy,12,clear,low,3,2025-07-22,1
PRJ0524,92986,19,4,medium,low,mixed,8,unclear,low,2,2025-07-16,0
PRJ0525,161836,9,22,medium,low,modern,4,unclear,high,1,2025-11-11,0
PRJ0526,118940,14,10,medium,medium,mixed,13,moderate,medium,8,2025-05-23,1
PRJ0527,48494,4,22,medium,medium,legacy,9,clear,high,0,2025-12-28,0
PRJ0528,13373,9,12,medium,high,modern,4,unclear,medium,6,2025-06-14,0
PRJ0529,153233,3,17,medium,low,legacy,8,unclear,low,3,2025-07-17,0
PRJ0530,107532,9,14,medium,medium,modern,9,clear,low,4,2025-07-21,0
PRJ0531,102658,14,14,low,low,mixed,13,moderate,medium,9,2025-09-21,1
PRJ0532,133633,14,2,high,medium,modern,9,clear,medium,4,2026-03-02,1
PRJ0533,110386,2,21,medium,low,modern,10,moderate,low,0,2026-03-18,0
PRJ0534,37350,7,20,medium,high,mixed,4,clear,low,5,2025-10-15,0
PRJ0535,103008,17,11,high,low,legacy,1,clear,high,8,2025-06-02,0
PRJ0536,104297,9,16,low,low,mixed,3,clear,low,1,2026-03-06,1
PRJ0537,35351,2,19,high,low,modern,9,clear,medium,6,2025-08-21,0
PRJ0538,98668,17,23,high,low,mixed,4,moderate,high,5,2026-03-01,0
PRJ0539,124585,10,6,medium,low,modern,5,moderate,medium,4,2025-09-08,0
PRJ0540,156377,14,19,high,high,mixed,7,unclear,high,3,2025-07-20,0
PRJ0541,85353,12,5,high,medium,mixed,5,clear,medium,3,2026-03-28,1
PRJ0542,75953,14,4,medium,low,legacy,4,moderate,low,5,2026-04-10,0
PRJ0543,67458,11,15,medium,high,modern,2,moderate,medium,3,2026-03-07,0
PRJ0544,30358,5,4,medium,low,legacy,2,moderate,high,4,2025-05-13,0
PRJ0545,13267,7,20,medium,low,modern,13,clear,medium,5,2025-07-12,1
PRJ0546,92745,8,10,high,medium,mixed,13,unclear,high,4,2025-11-28,0
PRJ0547,99588,6,22,high,low,modern,4,moderate,medium,6,2026-03-09,0
PRJ0548,48513,12,3,low,high,legacy,10,clear,low,8,2026-03-18,1
PRJ0549,167164,14,5,low,high,legacy,13,moderate,low,9,2025-06-11,0
PRJ0550,21338,11,6,high,medium,legacy,10,moderate,medium,6,2026-03-10,0
PRJ0551,141484,11,21,low,low,modern,13,unclear,medium,6,2026-03-01,1
PRJ0552,17543,12,22,high,high,legacy,9,moderate,medium,3,2025-08-10,0
PRJ0553,115891,8,8,low,low,legacy,8,moderate,high,0,2026-02-25,0
PRJ0554,174568,19,7,medium,low,legacy,3,clear,medium,7,2025-10-01,1
PRJ0555,70692,5,21,low,low,mixed,14,clear,medium,3,2026-02-05,1
PRJ0556,54425,3,10,medium,medium,mixed,9,unclear,high,0,2025-07-28,0
PRJ0557,48756,15,6,medium,low,modern,14,clear,low,4,2025-08-21,1
PRJ0558,28888,14,14,medium,high,modern,5,clear,medium,7,2025-11-26,0
PRJ0559,176807,13,4,medium,low,legacy,11,unclear,medium,3,2025-09-13,1
PRJ0560,57295,8,13,low,high,mixed,3,moderate,low,7,2025-12-25,0
PRJ0561,124352,3,20,high,low,legacy,5,unclear,low,7,2026-03-17,0
PRJ0562,93042,14,17,medium,high,legacy,13,clear,high,2,2025-12-09,1
PRJ0563,95999,15,23,low,high,mixed,10,unclear,medium,8,2025-06-23,0
PRJ0564,27955,18,7,medium,low,mixed,13,moderate,medium,2,2026-05-03,0
PRJ0565,47841,10,4,low,low,mixed,4,unclear,high,0,2025-06-10,0
PRJ0566,80640,18,14,low,high,modern,8,clear,low,1,2025-12-11,1
PRJ0567,175983,9,3,low,medium,modern,13,clear,high,5,2026-03-05,1
PRJ0568,148429,3,5,high,low,legacy,12,unclear,low,9,2025-08-05,0
PRJ0569,173551,14,16,low,medium,modern,5,moderate,high,1,2026-03-17,1
PRJ0570,71476,4,23,low,low,mixed,10,unclear,low,5,2025-06-07,0
PRJ0571,54811,17,20,high,low,mixed,12,moderate,high,0,2025-12-25,0
PRJ0572,177280,7,4,high,low,modern,8,moderate,low,0,2026-03-23,0
PRJ0573,161222,8,2,low,low,legacy,9,unclear,low,4,2026-03-09,1
PRJ0574,81180,11,18,high,medium,legacy,4,moderate,low,9,2026-03-16,0
PRJ0575,184358,10,19,medium,low,modern,7,clear,low,8,2025-11-08,1
PRJ0576,122856,3,19,medium,high,legacy,2,unclear,low,7,2025-07-16,0
PRJ0577,78450,16,17,high,high,legacy,6,moderate,medium,2,2026-03-20,0
PRJ0578,162424,6,14,high,medium,legacy,8,clear,low,2,2025-11-16,1
PRJ0579,196141,5,19,low,low,mixed,12,unclear,medium,0,2025-08-07,0
PRJ0580,121888,5,22,high,high,mixed,7,clear,low,2,2025-06-03,0
PRJ0581,120448,19,13,low,medium,modern,7,clear,medium,0,2025-12-17,1
PRJ0582,24397,5,12,medium,low,mixed,8,clear,medium,7,2025-08-31,0
PRJ0583,182627,18,6,high,high,legacy,7,moderate,high,0,2025-12-08,0
PRJ0584,188031,13,21,low,high,mixed,5,unclear,low,4,2025-09-17,1
PRJ0585,141800,18,4,low,medium,modern,7,unclear,high,8,2025-07-29,1
PRJ0586,191589,11,19,medium,low,mixed,13,moderate,high,6,2025-12-31,0
PRJ0587,129180,2,16,high,low,legacy,14,unclear,low,3,2025-10-25,0
PRJ0588,76234,19,13,medium,high,legacy,10,clear,high,8,2026-02-14,0
PRJ0589,49954,19,4,low,high,modern,3,unclear,low,8,2026-01-31,1
PRJ0590,188352,15,23,low,high,mixed,5,moderate,high,1,2025-09-21,1
PRJ0591,89459,16,17,high,low,mixed,7,clear,low,9,2026-03-01,0
PRJ0592,157851,13,23,low,medium,mixed,9,moderate,low,9,2026-02-06,1
PRJ0593,165538,5,1,high,medium,legacy,2,clear,low,5,2026-02-06,1
PRJ0594,178011,4,18,medium,low,modern,4,clear,medium,3,2025-10-16,1
PRJ0595,176342,13,20,high,medium,mixed,12,unclear,high,7,2025-10-03,1
PRJ0596,69163,8,17,high,high,legacy,7,clear,medium,6,2025-10-13,0
PRJ0597,61934,12,15,low,medium,legacy,1,moderate,high,6,2026-02-05,0
PRJ0598,173379,2,11,low,medium,legacy,13,unclear,high,9,2026-03-05,1
PRJ0599,64098,7,22,high,medium,mixed,2,moderate,high,8,2025-08-07,0
PRJ0600,15486,16,13,low,high,mixed,9,clear,medium,4,2026-01-31,1
PRJ0601,149407,16,1,low,low,mixed,13,moderate,high,5,2025-07-02,1
PRJ0602,96900,12,17,low,high,mixed,10,moderate,medium,0,2026-04-08,1
PRJ0603,136020,3,6,high,low,mixed,7,clear,low,5,2025-10-03,1
PRJ0604,112795,15,4,low,low,mixed,12,unclear,high,1,2026-02-20,1
PRJ0605,152202,3,20,high,low,mixed,10,moderate,high,5,2026-03-05,0
PRJ0606,97508,5,16,low,medium,mixed,7,clear,low,8,2025-10-31,1
PRJ0607,128324,18,15,medium,medium,mixed,6,unclear,low,7,2026-04-04,0
PRJ0608,70566,4,15,low,low,legacy,3,unclear,high,8,2025-09-28,0
PRJ0609,37192,14,6,low,low,mixed,10,unclear,low,9,2026-04-23,0
PRJ0610,11062,10,15,high,medium,modern,3,moderate,medium,7,2025-07-07,0
PRJ0611,94076,8,14,high,high,legacy,2,moderate,medium,2,2026-04-03,0
PRJ0612,99780,16,11,low,low,mixed,11,moderate,high,7,2025-11-26,0
PRJ0613,162617,12,7,medium,high,modern,6,unclear,medium,5,2025-09-10,0
PRJ0614,31689,3,9,low,medium,mixed,4,moderate,medium,5,2025-09-20,0
PRJ0615,21174,16,16,low,low,modern,5,clear,high,5,2025-11-05,0
PRJ0616,98461,15,5,medium,high,modern,3,moderate,low,2,2025-06-22,0
PRJ0617,136174,12,20,high,high,modern,6,moderate,high,9,2026-03-20,1
PRJ0618,113033,4,10,low,high,modern,11,unclear,medium,0,2025-05-29,1
PRJ0619,19348,18,18,high,medium,legacy,12,moderate,high,3,2026-02-14,0
PRJ0620,164786,13,3,high,medium,legacy,3,clear,high,9,2025-12-21,0
PRJ0621,48102,16,13,medium,high,modern,14,unclear,medium,5,2025-08-18,0
PRJ0622,84460,17,11,medium,high,mixed,14,clear,medium,9,2025-07-01,1
PRJ0623,112634,6,17,high,medium,modern,8,unclear,high,1,2025-08-31,0
PRJ0624,99930,7,22,low,high,legacy,9,unclear,medium,6,2025-11-27,0
PRJ0625,16801,6,13,high,high,mixed,4,moderate,medium,6,2025-10-14,0
PRJ0626,113150,4,6,low,medium,legacy,9,clear,medium,3,2026-01-13,1
PRJ0627,189208,2,17,low,high,legacy,12,unclear,medium,3,2025-07-17,1
PRJ0628,164697,7,13,medium,high,mixed,7,moderate,medium,0,2025-06-29,0
PRJ0629,185333,16,19,low,high,modern,3,unclear,medium,1,2026-01-06,1
PRJ0630,11542,3,21,low,medium,modern,7,unclear,low,8,2026-04-18,0
PRJ0631,31677,4,19,high,high,modern,14,unclear,high,9,2025-06-08,0
PRJ0632,187804,18,10,medium,medium,modern,1,unclear,medium,7,2025-09-20,0
PRJ0633,191415,13,3,low,medium,mixed,3,unclear,high,7,2025-05-09,0
PRJ0634,49081,19,14,low,low,mixed,6,unclear,low,8,2026-01-08,0
PRJ0635,103105,16,19,medium,low,mixed,4,moderate,medium,6,2026-03-23,0
PRJ0636,29065,13,5,high,high,legacy,7,unclear,high,8,2026-01-10,0
PRJ0637,98092,17,5,medium,medium,mixed,14,clear,medium,9,2025-07-26,1
PRJ0638,64693,9,20,medium,low,modern,3,moderate,medium,1,2026-03-29,0
PRJ0639,36962,15,17,low,high,legacy,1,clear,medium,5,2025-07-07,1
PRJ0640,38295,18,21,low,low,modern,9,unclear,medium,2,2026-01-12,1
PRJ0641,23807,9,10,high,low,modern,6,clear,medium,5,2026-03-31,0
PRJ0642,183420,16,5,low,medium,mixed,8,unclear,medium,2,2025-12-24,1
PRJ0643,167504,15,4,low,medium,mixed,3,unclear,medium,7,2025-06-03,1
PRJ0644,198926,19,6,medium,low,modern,8,moderate,low,3,2025-06-03,1
PRJ0645,181334,8,4,low,low,modern,2,moderate,low,9,2025-09-19,1
PRJ0646,178152,4,7,high,medium,legacy,12,unclear,medium,5,2025-12-09,0
PRJ0647,142396,13,7,medium,high,mixed,4,moderate,medium,8,2026-01-03,0
PRJ0648,101267,4,18,high,medium,legacy,3,clear,low,1,2026-02-13,0
PRJ0649,176981,15,3,medium,low,legacy,10,moderate,low,1,2025-11-13,1
PRJ0650,29870,16,1,low,high,legacy,1,moderate,low,6,2025-12-02,0
PRJ0651,175650,15,4,medium,low,modern,13,clear,medium,1,2025-12-06,1
PRJ0652,36790,8,6,medium,high,legacy,13,moderate,high,1,2026-03-08,0
PRJ0653,128874,18,9,low,low,legacy,7,unclear,high,3,2026-03-03,1
PRJ0654,35289,13,22,low,high,modern,11,clear,high,8,2025-11-30,1
PRJ0655,196201,5,14,high,high,mixed,10,unclear,high,7,2025-05-14,0
PRJ0656,25485,10,12,high,low,mixed,2,clear,medium,1,2025-06-17,0
PRJ0657,54482,7,20,low,high,legacy,4,unclear,high,7,2025-11-18,0
PRJ0658,96188,17,4,low,medium,modern,9,unclear,low,3,2025-11-20,1
PRJ0659,14748,3,21,low,low,mixed,6,moderate,low,1,2026-02-09,0
PRJ0660,150507,9,12,medium,medium,legacy,8,unclear,high,9,2025-12-19,0
PRJ0661,13709,12,10,medium,low,legacy,2,moderate,low,6,2025-10-28,0
PRJ0662,133961,14,22,medium,high,modern,7,clear,medium,5,2026-05-03,1
PRJ0663,40355,18,7,low,high,legacy,6,unclear,high,9,2026-01-19,0
PRJ0664,196843,9,3,high,high,mixed,13,unclear,high,4,2025-05-06,1
PRJ0665,198871,19,23,low,low,modern,14,clear,medium,0,2026-02-22,1
PRJ0666,154188,19,14,medium,medium,mixed,9,clear,low,1,2025-12-30,1
PRJ0667,166542,15,10,medium,medium,mixed,7,unclear,medium,7,2025-11-16,1
PRJ0668,183416,16,16,low,low,mixed,1,clear,medium,0,2025-10-12,1
PRJ0669,52918,7,16,low,low,legacy,14,moderate,low,2,2025-06-26,1
PRJ0670,62224,12,22,medium,medium,legacy,8,clear,medium,1,2025-06-02,1
PRJ0671,49298,14,10,medium,medium,mixed,11,clear,low,4,2025-10-22,0
PRJ0672,90219,2,13,medium,medium,mixed,10,unclear,low,3,2025-11-28,0
PRJ0673,71629,7,6,low,medium,modern,3,moderate,medium,6,2025-12-15,0
PRJ0674,76040,10,12,medium,low,modern,14,clear,low,4,2025-08-03,1
PRJ0675,38016,9,9,medium,low,legacy,2,moderate,medium,7,2026-04-28,0
PRJ0676,33960,12,13,high,high,legacy,12,moderate,low,3,2026-03-12,0
PRJ0677,43591,10,4,low,medium,modern,3,moderate,high,5,2026-01-21,0
PRJ0678,113333,18,11,high,high,mixed,11,unclear,low,3,2025-05-28,0
PRJ0679,124821,13,20,high,low,legacy,6,clear,low,1,2025-06-01,0
PRJ0680,46395,15,18,medium,low,mixed,13,unclear,medium,0,2026-03-05,0
PRJ0681,139695,16,11,low,high,modern,14,clear,low,0,2026-02-07,1
PRJ0682,163772,17,21,medium,medium,legacy,3,clear,high,7,2025-08-20,0
PRJ0683,44620,2,4,low,medium,legacy,10,unclear,high,3,2025-11-08,0
PRJ0684,138148,11,18,high,medium,modern,5,moderate,low,4,2025-09-05,0
PRJ0685,30559,9,1,low,medium,legacy,6,moderate,low,7,2025-10-14,0
PRJ0686,103396,19,7,medium,high,modern,8,clear,high,6,2026-04-04,1
PRJ0687,31732,2,6,medium,high,legacy,7,unclear,medium,7,2025-07-20,0
PRJ0688,101362,3,15,medium,low,modern,14,moderate,high,7,2026-02-14,0
PRJ0689,171426,2,18,low,medium,legacy,11,moderate,high,5,2026-04-24,1
PRJ0690,23843,2,11,high,medium,mixed,8,clear,low,9,2025-08-24,0
PRJ0691,124065,10,20,high,medium,mixed,3,clear,low,1,2025-07-22,0
PRJ0692,81726,14,15,low,high,mixed,4,unclear,high,5,2025-11-10,1
PRJ0693,27640,2,16,medium,medium,legacy,6,clear,medium,0,2025-12-30,0
PRJ0694,62528,14,7,high,high,legacy,11,moderate,high,0,2026-03-19,0
PRJ0695,48413,8,21,medium,medium,mixed,7,moderate,high,2,2025-10-11,0
PRJ0696,62638,3,10,low,medium,mixed,9,moderate,medium,2,2026-01-18,1
PRJ0697,193808,7,12,medium,low,modern,13,moderate,high,4,2025-08-03,0
PRJ0698,120133,8,14,high,medium,modern,1,unclear,high,0,2025-06-02,0
PRJ0699,116357,15,5,high,medium,modern,13,unclear,low,9,2026-01-02,1
PRJ0700,160159,19,21,medium,low,mixed,8,clear,medium,5,2025-12-22,0
PRJ0701,182502,16,18,low,high,mixed,8,clear,low,6,2026-01-18,1
PRJ0702,165576,3,5,medium,high,mixed,6,clear,low,9,2025-07-04,0
PRJ0703,148186,11,3,low,medium,modern,4,unclear,medium,2,2025-06-10,1
PRJ0704,88859,13,23,medium,high,legacy,3,moderate,medium,3,2026-03-16,0
PRJ0705,109657,18,5,high,medium,mixed,11,clear,high,9,2025-06-02,1
PRJ0706,152047,9,17,low,low,legacy,3,moderate,low,9,2026-01-30,1
PRJ0707,21023,12,19,low,low,legacy,6,clear,medium,9,2025-08-10,1
PRJ0708,31447,4,19,low,medium,legacy,13,clear,low,9,2026-04-12,1
PRJ0709,135899,7,21,high,low,modern,8,clear,low,9,2026-03-12,1
PRJ0710,33959,10,12,medium,low,legacy,7,clear,medium,2,2025-08-24,1
PRJ0711,76203,7,9,high,medium,mixed,11,clear,high,0,2025-09-12,0
PRJ0712,129156,10,1,low,medium,modern,1,moderate,low,7,2026-03-07,0
PRJ0713,170775,8,18,medium,low,mixed,11,clear,medium,9,2025-11-22,1
PRJ0714,19337,10,21,high,high,mixed,6,moderate,high,9,2025-08-19,0
PRJ0715,56427,19,4,low,high,modern,7,unclear,low,1,2025-06-25,1
PRJ0716,71529,13,10,low,medium,mixed,12,clear,medium,0,2025-10-01,1
PRJ0717,112023,9,7,high,medium,mixed,7,moderate,low,7,2025-11-03,0
PRJ0718,94665,9,22,high,high,modern,9,unclear,medium,6,2026-03-09,0
PRJ0719,115787,19,23,high,low,mixed,11,unclear,medium,6,2025-12-11,0
PRJ0720,172993,16,1,low,high,legacy,11,unclear,low,3,2026-02-04,1
PRJ0721,43307,8,17,high,high,mixed,10,moderate,low,8,2025-06-28,0
PRJ0722,168427,12,2,low,high,legacy,5,clear,medium,5,2026-03-21,1
PRJ0723,137016,17,11,high,high,mixed,1,clear,high,1,2025-08-21,0
PRJ0724,14835,5,9,low,medium,modern,2,moderate,low,0,2026-04-14,0
PRJ0725,30159,7,7,low,medium,modern,4,clear,medium,0,2026-04-14,0
PRJ0726,188677,4,22,medium,low,mixed,5,moderate,medium,8,2026-03-14,0
PRJ0727,131790,10,17,high,low,modern,9,clear,high,3,2025-06-01,0
PRJ0728,115616,11,17,high,low,mixed,11,unclear,high,4,2025-11-15,0
PRJ0729,179160,15,2,low,low,modern,1,clear,high,2,2026-02-27,1
PRJ0730,88752,12,6,low,high,legacy,3,moderate,low,3,2026-01-12,0
PRJ0731,65284,19,14,low,medium,mixed,5,moderate,medium,7,2025-07-09,1
PRJ0732,67043,13,6,medium,medium,legacy,3,unclear,medium,3,2025-11-26,0
PRJ0733,176619,13,2,medium,low,legacy,4,moderate,medium,8,2025-08-12,0
PRJ0734,107007,14,1,low,low,mixed,14,clear,high,8,2025-06-19,1
PRJ0735,92844,14,10,high,high,legacy,3,clear,medium,5,2025-09-15,0
PRJ0736,37532,15,21,high,high,mixed,4,unclear,low,1,2025-06-14,0
PRJ0737,175421,5,5,medium,low,legacy,14,moderate,high,9,2026-02-26,0
PRJ0738,132402,14,2,medium,medium,mixed,13,unclear,high,6,2026-04-07,1
PRJ0739,128012,9,22,low,medium,mixed,13,clear,high,8,2026-01-09,1
PRJ0740,186517,13,16,high,medium,modern,1,unclear,high,5,2026-03-15,0
PRJ0741,146785,19,2,low,low,mixed,12,moderate,low,2,2025-11-05,1
PRJ0742,66178,7,10,medium,medium,mixed,8,unclear,medium,6,2025-08-18,0
PRJ0743,59407,19,2,high,high,legacy,4,moderate,low,4,2026-02-15,0
PRJ0744,60990,6,16,high,high,mixed,7,moderate,medium,0,2025-08-05,0
PRJ0745,139473,10,16,medium,low,modern,2,clear,low,2,2026-01-17,0
PRJ0746,68141,4,19,low,high,legacy,2,clear,high,4,2026-02-20,0
PRJ0747,164865,11,7,low,low,legacy,6,clear,high,6,2025-11-11,1
PRJ0748,66570,4,22,high,medium,modern,14,moderate,low,2,2025-11-02,0
PRJ0749,178964,16,12,medium,medium,legacy,2,unclear,low,5,2026-04-12,0
PRJ0750,11015,2,15,high,medium,legacy,6,moderate,medium,4,2025-08-04,0
PRJ0751,71813,8,8,medium,high,legacy,11,clear,low,0,2025-12-27,0
PRJ0752,37712,13,6,low,low,legacy,2,clear,low,9,2025-07-18,0
PRJ0753,110497,18,10,medium,medium,modern,4,unclear,medium,5,2025-06-19,0
PRJ0754,149487,6,3,low,low,modern,7,clear,medium,7,2025-10-31,1
PRJ0755,122816,5,19,medium,medium,legacy,8,clear,medium,0,2026-03-07,1
PRJ0756,138778,13,17,high,high,legacy,3,clear,low,1,2026-05-04,1
PRJ0757,72292,19,7,low,high,modern,14,unclear,medium,3,2025-12-25,1
PRJ0758,33833,18,21,high,low,modern,13,moderate,high,1,2026-02-27,0
PRJ0759,145230,10,20,high,high,modern,9,clear,high,8,2025-07-16,1
PRJ0760,30309,5,4,low,high,legacy,2,unclear,high,9,2025-07-24,0
PRJ0761,16970,3,14,low,low,legacy,8,clear,low,7,2026-02-05,0
PRJ0762,82474,5,20,high,medium,mixed,8,unclear,high,7,2026-01-25,0
PRJ0763,56540,3,22,high,high,modern,13,clear,low,3,2025-10-28,1
PRJ0764,161456,16,15,high,low,legacy,14,unclear,low,4,2025-05-24,1
PRJ0765,28017,3,8,high,high,modern,4,clear,high,3,2025-09-06,0
PRJ0766,85880,5,21,low,high,legacy,1,moderate,medium,8,2025-08-08,0
PRJ0767,115570,7,15,low,high,modern,13,clear,low,1,2025-09-28,1
PRJ0768,18702,8,22,high,high,legacy,1,unclear,high,7,2025-11-10,0
PRJ0769,141456,11,20,medium,low,mixed,2,clear,low,1,2025-05-29,1
PRJ0770,10404,13,14,medium,low,mixed,14,moderate,medium,0,2025-09-14,1
PRJ0771,182015,4,9,low,low,modern,12,clear,medium,9,2025-12-05,1
PRJ0772,188998,14,8,high,high,legacy,14,unclear,high,2,2025-08-01,0
PRJ0773,170261,19,17,high,high,legacy,9,unclear,low,8,2025-09-18,0
PRJ0774,22763,9,2,low,high,modern,13,moderate,low,2,2025-11-15,1
PRJ0775,159456,16,3,medium,low,legacy,2,unclear,low,8,2025-09-24,0
PRJ0776,108142,2,8,medium,high,modern,2,clear,low,6,2025-10-04,0
PRJ0777,150932,4,12,medium,medium,legacy,6,clear,high,9,2025-07-27,0
PRJ0778,90642,9,1,low,high,modern,7,clear,medium,0,2026-03-25,1
PRJ0779,60612,5,10,medium,medium,legacy,13,unclear,high,9,2026-01-03,0
PRJ0780,33574,17,20,low,high,modern,7,clear,low,4,2025-09-20,1
PRJ0781,33524,11,3,low,low,legacy,13,clear,low,8,2025-07-15,1
PRJ0782,20916,13,6,high,high,mixed,9,clear,medium,2,2026-02-06,0
PRJ0783,14809,15,7,medium,medium,legacy,6,moderate,low,8,2025-08-11,0
PRJ0784,173273,15,20,low,medium,modern,14,unclear,high,4,2026-04-06,1
PRJ0785,194402,3,23,medium,high,mixed,8,unclear,high,8,2025-08-31,0
PRJ0786,154528,6,18,medium,medium,legacy,11,unclear,medium,9,2025-06-23,0
PRJ0787,197469,6,11,high,medium,mixed,6,moderate,high,5,2025-09-03,0
PRJ0788,131288,7,19,medium,low,legacy,2,unclear,high,8,2026-03-05,0
PRJ0789,48765,14,5,high,high,mixed,1,moderate,high,6,2025-12-09,0
PRJ0790,175888,10,19,low,high,modern,5,moderate,high,6,2025-11-12,1
PRJ0791,55106,16,11,medium,high,legacy,14,unclear,low,7,2025-07-31,0
PRJ0792,63932,15,12,low,medium,legacy,9,clear,high,6,2025-06-05,1
PRJ0793,158172,8,10,medium,high,modern,8,clear,medium,8,2025-12-14,1
PRJ0794,67091,3,8,low,high,mixed,14,unclear,medium,8,2026-03-22,1
PRJ0795,31949,8,9,medium,low,modern,13,unclear,high,5,2025-12-12,0
PRJ0796,47744,7,4,medium,low,modern,4,moderate,medium,6,2025-05-17,0
PRJ0797,186615,18,5,medium,low,mixed,5,unclear,high,1,2025-06-06,1
PRJ0798,118319,3,21,medium,medium,modern,13,moderate,medium,8,2026-03-11,0
PRJ0799,102193,4,8,medium,high,legacy,5,unclear,medium,0,2025-07-02,0
PRJ0800,46187,6,23,medium,low,legacy,6,clear,high,0,2025-05-12,0
PRJ0801,148311,6,9,medium,low,legacy,3,clear,high,2,2025-11-25,1
PRJ0802,134454,2,15,medium,low,modern,5,unclear,low,5,2025-07-24,0
PRJ0803,24489,9,15,medium,high,legacy,2,moderate,high,4,2025-06-14,0
PRJ0804,199089,13,16,low,high,legacy,10,clear,high,1,2025-10-19,1
PRJ0805,71877,5,14,high,high,legacy,1,moderate,low,8,2025-11-27,0
PRJ0806,184197,14,8,medium,medium,legacy,11,unclear,high,9,2026-02-14,0
PRJ0807,59922,16,18,high,medium,legacy,1,unclear,high,3,2026-04-04,0
PRJ0808,104074,12,10,medium,low,legacy,10,clear,low,3,2026-01-13,0
PRJ0809,173121,11,20,medium,high,modern,7,unclear,high,4,2026-03-20,0
PRJ0810,47131,4,6,low,low,legacy,2,clear,high,7,2025-05-17,0
PRJ0811,184016,15,12,low,high,legacy,4,moderate,low,9,2025-10-12,1
PRJ0812,125765,17,2,high,high,mixed,5,clear,low,3,2026-03-14,1
PRJ0813,83963,11,7,low,high,modern,7,clear,medium,4,2025-12-18,0
PRJ0814,116884,11,16,low,medium,modern,2,moderate,high,3,2026-02-20,0
PRJ0815,135917,13,3,high,medium,modern,14,clear,medium,5,2026-03-25,0
PRJ0816,34285,10,13,low,high,modern,6,clear,medium,2,2026-02-17,1
PRJ0817,47626,2,3,medium,low,legacy,1,unclear,low,7,2025-10-30,0
PRJ0818,183880,6,18,high,high,legacy,7,moderate,high,5,2026-03-14,0
PRJ0819,194943,9,11,high,high,mixed,9,clear,high,9,2026-02-07,1
PRJ0820,29198,12,8,medium,low,mixed,5,moderate,low,4,2026-01-16,0
PRJ0821,160830,13,6,low,high,modern,5,moderate,medium,1,2025-09-22,1
PRJ0822,25254,2,1,high,low,mixed,4,clear,low,9,2025-08-30,0
PRJ0823,54238,12,1,high,medium,mixed,3,unclear,high,9,2026-02-25,0
PRJ0824,11252,6,23,medium,medium,modern,9,moderate,low,6,2026-01-05,0
PRJ0825,49764,16,8,medium,low,modern,5,clear,high,1,2026-02-27,1
PRJ0826,87709,6,5,low,medium,mixed,8,moderate,medium,0,2026-03-05,0
PRJ0827,178513,13,16,high,medium,legacy,9,unclear,high,6,2025-06-12,1
PRJ0828,63682,6,11,low,low,mixed,5,unclear,medium,4,2025-10-26,0
PRJ0829,69494,18,5,low,medium,mixed,10,unclear,medium,0,2025-10-28,1
PRJ0830,91317,18,4,medium,high,legacy,9,clear,high,3,2025-12-05,1
PRJ0831,75215,13,6,high,high,legacy,2,clear,high,3,2025-07-23,0
PRJ0832,88587,16,14,high,low,modern,9,unclear,medium,9,2026-01-29,0
PRJ0833,16949,16,22,high,medium,modern,11,clear,low,6,2025-06-27,0
PRJ0834,65393,7,19,medium,high,mixed,4,unclear,high,8,2025-06-30,0
PRJ0835,148013,13,9,medium,high,legacy,6,clear,medium,1,2025-08-15,1
PRJ0836,35934,19,12,medium,medium,modern,6,unclear,medium,0,2026-01-28,1
PRJ0837,164458,15,11,medium,medium,mixed,6,moderate,low,1,2026-01-12,0
PRJ0838,85745,3,14,medium,high,legacy,2,unclear,high,6,2025-12-31,0
PRJ0839,104456,10,23,high,high,mixed,7,unclear,medium,9,2025-12-24,0
PRJ0840,63413,6,16,low,low,modern,13,clear,low,5,2026-01-04,1
PRJ0841,197872,2,1,high,low,modern,6,clear,medium,3,2025-10-20,0
PRJ0842,107239,4,13,low,high,legacy,11,clear,high,0,2025-07-15,1
PRJ0843,52318,7,23,medium,low,mixed,14,clear,low,0,2026-01-03,0
PRJ0844,80390,6,21,low,high,legacy,1,clear,medium,4,2025-07-27,0
PRJ0845,193401,6,21,high,high,modern,2,clear,low,0,2025-08-18,0
PRJ0846,53088,2,13,high,low,modern,7,moderate,high,6,2026-03-27,0
PRJ0847,113196,18,2,low,low,mixed,1,unclear,low,0,2026-03-12,0
PRJ0848,180883,15,4,medium,medium,mixed,1,unclear,high,0,2025-11-25,1
PRJ0849,65479,13,6,medium,medium,mixed,1,unclear,medium,1,2025-07-20,0
PRJ0850,29963,11,23,high,medium,legacy,8,moderate,high,9,2025-10-17,0
PRJ0851,65123,19,5,low,high,mixed,4,unclear,medium,2,2025-08-02,1
PRJ0852,135911,12,3,medium,low,mixed,4,moderate,medium,0,2026-04-19,0
PRJ0853,112468,3,1,medium,high,modern,13,moderate,high,8,2025-11-13,0
PRJ0854,83477,19,4,high,low,modern,2,moderate,medium,9,2025-08-30,1
PRJ0855,24388,8,20,medium,high,mixed,11,unclear,low,7,2025-09-29,0
PRJ0856,15569,16,2,low,medium,mixed,11,moderate,medium,4,2026-02-07,0
PRJ0857,79836,12,5,high,medium,modern,11,unclear,high,1,2026-02-12,0
PRJ0858,114573,19,3,high,medium,mixed,1,unclear,low,4,2026-03-04,0
PRJ0859,177658,13,9,low,high,legacy,12,clear,low,5,2025-07-22,1
PRJ0860,153087,7,20,high,low,legacy,10,clear,medium,0,2026-03-24,0
PRJ0861,55002,14,6,medium,low,legacy,9,moderate,medium,3,2026-04-23,1
PRJ0862,147326,17,18,medium,medium,mixed,7,moderate,high,8,2025-06-18,0
PRJ0863,158216,19,6,low,medium,modern,4,unclear,low,1,2025-09-13,1
PRJ0864,165286,11,19,medium,medium,mixed,12,moderate,high,4,2025-06-10,1
PRJ0865,147162,9,12,low,medium,mixed,6,moderate,medium,0,2025-12-25,1
PRJ0866,152709,19,11,low,low,modern,14,unclear,low,3,2026-01-10,1
PRJ0867,163487,2,2,medium,high,modern,2,moderate,high,3,2025-09-29,0
PRJ0868,34071,9,15,low,high,modern,7,moderate,high,5,2025-12-19,0
PRJ0869,68243,7,12,medium,high,legacy,2,unclear,high,9,2026-01-19,0
PRJ0870,135827,6,12,high,high,mixed,10,unclear,high,8,2025-11-07,0
PRJ0871,118215,16,9,high,medium,modern,8,clear,high,2,2026-04-19,1
PRJ0872,182312,16,21,low,medium,mixed,8,unclear,low,8,2025-09-05,1
PRJ0873,111570,3,2,medium,medium,legacy,1,clear,high,5,2025-06-05,0
PRJ0874,174506,2,22,medium,high,legacy,13,moderate,low,6,2025-09-21,0
PRJ0875,79724,12,3,high,medium,modern,8,unclear,high,9,2025-09-05,0
PRJ0876,125359,11,12,high,medium,modern,2,unclear,medium,1,2025-12-15,0
PRJ0877,85697,19,16,medium,low,mixed,6,unclear,medium,9,2025-10-18,0
PRJ0878,38732,19,21,low,low,modern,13,moderate,high,5,2026-01-13,1
PRJ0879,131465,18,1,high,medium,mixed,1,clear,medium,5,2025-12-29,1
PRJ0880,152386,9,21,low,low,modern,5,moderate,low,1,2026-04-14,1
PRJ0881,165026,16,3,low,low,mixed,11,moderate,high,1,2025-12-09,1
PRJ0882,67108,9,20,high,medium,mixed,7,unclear,low,1,2026-02-05,0
PRJ0883,121195,18,2,low,medium,mixed,13,clear,high,9,2025-07-06,1
PRJ0884,113081,13,9,low,medium,mixed,10,moderate,medium,0,2025-10-14,0
PRJ0885,46668,9,19,medium,medium,legacy,1,unclear,low,4,2026-02-09,0
PRJ0886,33061,15,15,low,high,mixed,2,moderate,medium,7,2025-11-19,0
PRJ0887,89252,5,18,medium,high,modern,7,moderate,medium,1,2026-02-22,0
PRJ0888,49749,2,11,high,medium,legacy,6,unclear,high,4,2025-07-11,0
PRJ0889,140560,2,23,high,low,legacy,3,unclear,low,7,2026-04-26,0
PRJ0890,114680,17,16,medium,medium,mixed,14,clear,medium,9,2025-07-28,1
PRJ0891,157979,15,22,high,medium,legacy,10,moderate,high,4,2025-08-20,1
PRJ0892,159849,17,17,low,low,mixed,2,unclear,high,1,2025-08-03,1
PRJ0893,61745,6,5,low,high,modern,10,unclear,high,2,2025-09-09,1
PRJ0894,118464,10,12,low,medium,mixed,4,clear,medium,5,2026-04-15,1
PRJ0895,101865,3,11,high,medium,legacy,3,clear,high,4,2025-09-14,0
PRJ0896,122428,19,15,low,high,modern,7,unclear,low,3,2025-09-26,0
PRJ0897,33624,7,3,high,high,mixed,8,clear,low,3,2025-06-13,0
PRJ0898,33321,10,1,low,low,modern,2,unclear,medium,4,2026-04-18,0
PRJ0899,151560,2,20,medium,high,modern,10,moderate,low,1,2026-02-05,0
PRJ0900,32574,10,16,high,high,legacy,7,clear,high,8,2025-10-21,0
PRJ0901,146312,17,2,high,high,modern,8,moderate,medium,1,2025-05-20,1
PRJ0902,184293,14,2,low,low,legacy,6,moderate,high,9,2026-02-10,1
PRJ0903,151550,10,3,high,high,modern,6,moderate,medium,1,2026-02-07,0
PRJ0904,196717,14,8,high,high,mixed,10,unclear,medium,9,2025-07-02,0
PRJ0905,160334,10,15,medium,low,modern,1,moderate,high,8,2025-06-01,0
PRJ0906,128831,12,7,medium,high,mixed,4,moderate,low,2,2025-12-02,0
PRJ0907,193868,5,6,low,high,mixed,14,moderate,low,9,2025-09-19,1
PRJ0908,145504,3,9,medium,low,modern,1,unclear,medium,6,2025-08-14,0
PRJ0909,105257,7,20,low,medium,mixed,4,moderate,high,3,2025-09-24,0
PRJ0910,74291,15,1,low,low,modern,2,moderate,high,5,2026-01-04,0
PRJ0911,137600,5,8,low,high,modern,11,clear,medium,3,2025-11-13,1
PRJ0912,60428,7,23,high,high,mixed,13,unclear,low,9,2026-05-01,1
PRJ0913,141374,7,23,medium,high,mixed,5,moderate,high,6,2025-05-28,0
PRJ0914,141127,3,3,low,low,legacy,10,clear,low,0,2025-12-28,1
PRJ0915,121317,19,4,medium,high,mixed,14,unclear,low,2,2026-01-15,1
PRJ0916,149789,14,15,low,high,legacy,9,unclear,medium,2,2025-05-15,1
PRJ0917,137449,10,6,medium,low,mixed,11,unclear,medium,0,2026-03-29,0
PRJ0918,38699,14,15,medium,medium,modern,12,unclear,low,5,2026-02-23,0
PRJ0919,83686,12,21,low,medium,mixed,10,unclear,high,8,2025-07-20,1
PRJ0920,77661,2,3,high,high,modern,3,unclear,high,7,2026-04-04,0
PRJ0921,54247,8,21,medium,low,modern,8,moderate,medium,6,2025-08-10,0
PRJ0922,157820,16,21,high,high,modern,3,moderate,low,9,2026-04-24,0
PRJ0923,115113,2,14,high,low,legacy,6,moderate,high,7,2025-05-26,0
PRJ0924,14621,13,20,low,low,mixed,4,moderate,high,5,2025-06-11,0
PRJ0925,156106,8,14,low,medium,modern,8,clear,medium,8,2026-04-03,1
PRJ0926,146198,16,4,low,medium,modern,11,moderate,low,2,2026-03-09,1
PRJ0927,146194,2,12,medium,low,legacy,6,unclear,high,9,2025-11-20,0
PRJ0928,28030,18,17,low,high,mixed,8,moderate,medium,9,2025-10-29,1
PRJ0929,92838,18,7,low,medium,mixed,1,moderate,high,8,2025-05-28,1
PRJ0930,94717,4,9,medium,high,legacy,6,unclear,high,3,2026-04-16,0
PRJ0931,196730,13,3,medium,medium,legacy,1,moderate,high,6,2026-01-09,0
PRJ0932,48638,7,13,low,medium,mixed,1,moderate,medium,8,2025-11-02,0
PRJ0933,77067,12,15,low,high,legacy,8,moderate,low,1,2025-08-08,0
PRJ0934,128033,4,18,low,medium,mixed,7,clear,medium,1,2026-04-02,1
PRJ0935,115977,9,19,low,medium,mixed,3,moderate,low,8,2026-04-25,1
PRJ0936,98869,15,1,high,high,modern,6,unclear,high,2,2026-02-14,0
PRJ0937,115186,15,6,high,medium,modern,9,unclear,low,8,2025-10-25,0
PRJ0938,44674,11,23,low,medium,mixed,7,moderate,high,4,2025-06-19,1
PRJ0939,176926,3,2,high,medium,mixed,12,moderate,high,5,2025-10-27,0
PRJ0940,56271,15,14,medium,high,mixed,3,moderate,medium,1,2026-02-26,0
PRJ0941,83688,10,6,high,low,mixed,14,unclear,high,7,2025-05-22,0
PRJ0942,179590,4,14,high,high,mixed,14,unclear,medium,8,2025-12-31,0
PRJ0943,121076,9,4,low,low,mixed,13,clear,low,1,2025-06-03,1
PRJ0944,151339,17,21,high,medium,legacy,6,clear,low,5,2026-03-07,1
PRJ0945,11062,3,8,high,low,mixed,11,clear,high,5,2026-01-28,0
PRJ0946,60448,7,3,high,high,legacy,4,unclear,medium,7,2025-08-03,0
PRJ0947,105462,13,19,high,high,legacy,14,clear,high,9,2025-12-07,1
PRJ0948,147301,6,14,medium,medium,mixed,13,moderate,medium,4,2025-07-31,1
PRJ0949,197865,3,20,low,low,mixed,3,moderate,medium,8,2025-08-13,0
PRJ0950,57915,17,17,low,medium,legacy,9,unclear,medium,0,2026-04-26,0
PRJ0951,14632,6,8,medium,medium,legacy,10,clear,low,8,2025-07-26,0
PRJ0952,114592,16,14,high,high,mixed,2,moderate,medium,9,2025-08-05,0
PRJ0953,144668,13,6,medium,low,mixed,1,unclear,low,6,2025-07-08,0
PRJ0954,119779,5,23,high,low,legacy,14,clear,medium,3,2026-04-27,0
PRJ0955,147240,16,22,medium,low,legacy,2,moderate,low,2,2025-10-09,0
PRJ0956,118099,12,16,low,low,legacy,7,clear,low,9,2025-12-31,1
PRJ0957,17561,17,19,low,medium,modern,10,unclear,low,5,2026-01-02,1
PRJ0958,92152,7,14,low,medium,legacy,1,clear,high,0,2026-04-02,0
PRJ0959,135036,15,19,high,high,modern,6,unclear,medium,2,2026-05-04,0
PRJ0960,134049,19,3,high,medium,mixed,14,clear,high,1,2025-10-13,1
PRJ0961,36734,13,10,medium,medium,mixed,7,moderate,medium,8,2026-04-29,0
PRJ0962,147443,12,19,medium,high,legacy,9,unclear,medium,2,2025-07-12,0
PRJ0963,36069,14,9,low,high,mixed,14,unclear,high,1,2026-04-30,0
PRJ0964,22910,12,20,high,high,mixed,8,unclear,low,3,2026-02-14,0
PRJ0965,83479,17,13,medium,medium,mixed,6,clear,medium,1,2025-08-04,0
PRJ0966,91264,16,7,high,medium,mixed,3,clear,low,0,2025-11-09,0
PRJ0967,33275,16,14,high,high,modern,8,moderate,high,5,2025-06-01,0
PRJ0968,82274,5,9,low,high,modern,7,unclear,low,9,2025-06-18,0
PRJ0969,110776,12,23,low,high,legacy,3,unclear,medium,7,2025-05-31,1
PRJ0970,195625,16,19,high,medium,legacy,9,clear,medium,9,2025-12-20,1
PRJ0971,58447,5,15,high,medium,legacy,12,clear,medium,9,2026-04-10,0
PRJ0972,175601,14,20,high,low,mixed,2,moderate,high,1,2025-06-14,0
PRJ0973,136394,3,14,high,medium,mixed,3,moderate,medium,8,2025-11-03,0
PRJ0974,85703,15,6,low,medium,modern,2,clear,high,2,2025-11-18,1
PRJ0975,86090,5,21,medium,medium,modern,13,unclear,low,7,2025-06-01,0
PRJ0976,27260,17,4,low,high,legacy,1,moderate,medium,7,2025-11-08,0
PRJ0977,122581,15,8,medium,medium,modern,4,clear,medium,2,2026-01-30,0
PRJ0978,13812,16,17,high,high,modern,5,clear,medium,2,2026-04-02,0
PRJ0979,169096,4,9,medium,low,modern,13,unclear,low,5,2026-01-14,0
PRJ0980,199728,9,1,low,low,modern,6,clear,medium,0,2025-12-10,1
PRJ0981,126148,17,20,low,high,modern,5,clear,high,3,2025-09-16,1
PRJ0982,168357,11,14,high,high,legacy,1,moderate,low,0,2025-08-06,1
PRJ0983,126421,5,11,low,high,legacy,3,clear,low,2,2025-06-03,1
PRJ0984,11605,19,21,high,medium,modern,1,clear,low,8,2026-03-28,0
PRJ0985,82303,3,3,low,low,legacy,11,moderate,low,4,2025-12-21,0
PRJ0986,168211,18,9,low,high,mixed,5,unclear,low,4,2025-06-05,1
PRJ0987,197210,14,14,high,medium,modern,5,unclear,high,3,2025-09-12,0
PRJ0988,86125,5,9,medium,low,mixed,12,moderate,low,2,2025-06-20,0
PRJ0989,154990,12,4,low,medium,legacy,11,moderate,medium,4,2025-05-25,1
PRJ0990,168518,8,4,medium,low,legacy,13,unclear,low,3,2025-11-26,0
PRJ0991,134040,13,8,low,medium,mixed,6,unclear,low,7,2026-03-28,1
PRJ0992,154118,11,2,low,low,legacy,8,unclear,low,3,2025-12-06,1
PRJ0993,165890,8,9,low,low,modern,10,unclear,low,7,2025-07-01,1
PRJ0994,14324,14,14,low,medium,mixed,12,unclear,low,5,2026-04-06,0
PRJ0995,86323,8,22,medium,high,modern,1,moderate,high,4,2025-12-12,0
PRJ0996,19111,18,9,medium,low,mixed,4,clear,high,3,2026-02-18,1
PRJ0997,179182,11,23,low,high,legacy,10,unclear,low,3,2025-12-11,1
PRJ0998,26389,11,16,low,medium,mixed,11,unclear,high,3,2025-09-18,1
PRJ0999,132177,5,17,medium,high,mixed,1,clear,medium,8,2026-03-02,0
PRJ1000,51427,5,16,high,high,modern,9,clear,low,3,2025-05-23,0
